id,title,plot,genres,director,country,year,film_type,poster_url,slug
1,Tây Du Hàng Ma Truyện: Khoái Hoạt Thành,"Tại tòa nhà Hoa Viễn, quản lý sảnh Tô Tiểu Ninh đang trong giai đoạn quan trọng để trở thành nhân viên chính thức. Cùng lúc đó, chàng trai trẻ tài năng Kỷ Dục Hành, làm việc tại tầng 17, là nhân viên cốt cán đang nổi bật trong công việc. Họ có cùng nhu cầu là nhanh chóng kết hôn, và thế là hai con đường song song bắt đầu giao nhau. Trong mắt Đồ Tiểu Ninh, Kỷ Dục Hành là người bạn đời lý tưởng vượt xa mong đợi, còn trong mắt Kỷ Dục Hành, Đồ Tiểu Ninh là ánh sáng đã từng chiếu rọi cuộc đời anh, kết hôn với cô là sự lựa chọn duy nhất mà anh kiên định. Sau khi cả hai vừa đủ dũng khí để xác nhận quan hệ hôn nhân, Kỷ Dục Hành bất ngờ trở thành cấp trên của Đồ Tiểu Ninh. Họ, những người bạn học từ mười năm trước, giờ đây lại tình cờ có mối quan hệ công việc và vợ chồng, cùng nhau khám phá ý nghĩa của hôn nhân và cuộc sống.",Hài Hước,Wang Dao Tie,Trung Quốc,2025,Phim Lẻ,https://img.ophim.live/uploads/movies/tay-du-hang-ma-truyen-khoai-hoat-thanh-thumb.jpg,tay-du-hang-ma-truyen-khoai-hoat-thanh
2,Bên Trong Mây Trắng,"Lý Văn Thiên thi trượt đại học và đến thị trấn lập nghiệp. Nhờ sự giới thiệu của bạn thân, anh bắt đầu làm việc dưới trướng Bân ca. Cùng lúc đó, cha anh là Lý Trọng Sơn mất tích bí ẩn khi điều tra một vụ săn trộm. Sự sống chết của ông vẫn chưa được làm rõ. Trong quá trình lần theo những manh mối cha để lại, Văn Thiên phát hiện tất cả mọi chuyện đều có liên quan đến Bân ca. Săn trộm, giết người, giấu xác… Mỗi bí ẩn mở ra lại kéo theo một sự thật rợn người. Văn Thiên thề rằng anh phải tìm ra cha mình bằng mọi giá! Một bữa tiệc của tình yêu, thù hận và những màn báo thù nghẹt thở sắp bắt đầu!&nbsp;",Bí Ẩn|Hành Động|Hình Sự,Gen Li,Trung Quốc,2025,Phim Lẻ,https://img.ophim.live/uploads/movies/ben-trong-may-trang-thumb.jpg,ben-trong-may-trang
3,Đốt Lửa Tình,"Nhiều năm trước, mẹ của Thẩm Thanh Như bị trừng phạt dìm xuống hồ vì ngoại tình, còn cô thì mang danh ""con gái của kẻ lẳng lơ"", lớn lên trong sự nhục mạ và khinh thường của dân làng, mang theo mối hận của người mẹ đã khuất. Cho đến khi ""gã câm"" Thẩm Sính xuất hiện, hai người trở thành sự cứu rỗi duy nhất và là giới hạn của nhau. Ranh giới ""chị em"" mong manh ngăn cách giữa họ. Trước bao ánh mắt dòm ngó, Thẩm Thanh Như rưng rưng nước mắt và thề rằng sẽ không rung động. Bố ruột ép cô gả cho nhà họ Mạc để ""xung hỉ"", nhưng cậu chủ mắc bệnh lao của nhà họ Mạc lại qua đời ngay trước đêm tân hôn. Bà Mạc tức giận ép Thẩm Thanh Như tuẫn táng theo con trai.&nbsp;",Chính Kịch,Đang cập nhật,Trung Quốc,2025,Phim Bộ,https://img.ophim.live/uploads/movies/dot-lua-tinh-thumb.jpg,dot-lua-tinh
4,Du Hành Cùng Thơ Đường 1: Thánh Thơ Là Bạn Đồng Hành Của Tôi,"Bộ phim xoay quanh hành trình mộng ảo của cô gái hiện đại Sở Từ và thánh thơ Đỗ Phủ xuyên không tới. Vì một lần tai nạn rơi xuống nước, hai người bị trói buộc trở thành bạn đồng hành định mệnh. Sở Từ phải đợi Đỗ Phủ trở về thời cổ đại mới có thể giành lại tự do. Du ngoạn Thành Đô, về Thảo Đường, thăm từ đường Võ Hầu, lên núi Nga Mi...",Chính Kịch,Đang cập nhật,Trung Quốc,2025,Phim Bộ,https://img.ophim.live/uploads/movies/du-hanh-cung-tho-duong-1-thanh-tho-la-ban-dong-hanh-cua-toi-thumb.jpg,du-hanh-cung-tho-duong-1-thanh-tho-la-ban-dong-hanh-cua-toi
5,Trò Chơi Tình Ái,"Thiên kim của tập đoàn Viễn Phi, Hứa Nặc, từ nhỏ lớn lên trong sự nuông chiều của bố mẹ. Sau khi du học nước ngoài trở về, cô kinh hoàng phát hiện gia đình hạnh phúc ngày nào đã tan nát. Mẹ cô bị đuổi ra khỏi nhà tay trắng, còn người anh không cùng huyết thống được gia đình cô nuôi dưỡng từ nhỏ Thẩm Gia Hòa lại sắp thay cô thừa kế sản nghiệp. Mà vị hôn thê của bố cô chính là Bạch Hạ, bạn gái tin đồn trước đây của Thẩm Gia Hòa, đồng thời cũng là kẻ thù không đội trời chung ngày xưa của cô.Hứa Nặc nhìn thấu âm mưu của Thẩm Gia Hòa. Để giành lại Viễn Phi và vạch trần bộ mặt thật của hắn, cô tính toán kỹ lưỡng, từng bước thực hiện kế hoạch. Cô cố ý dụ dỗ Thẩm Gia Hòa lao vào một canh bạc mang tên ""trò chơi tình ái"", mở ra hành trình vừa yêu vừa hận giữa hai người.",Chính Kịch,Xi Dao,Trung Quốc,2025,Phim Bộ,https://img.ophim.live/uploads/movies/tro-choi-tinh-ai-2025-thumb.jpg,tro-choi-tinh-ai-2025
6,Con Tim Sắt Đá,"Tiêu Lãng, chủ tịch mới nhậm chức rầm rộ của Tập đoàn Chí Trăn, lại có thân phận thật bí mật. Anh từng là con trai duy nhất kế thừa Tập đoàn Chí Trăn, nhưng lại bị mẹ kế cướp mất toàn bộ mọi thứ vốn thuộc về mình. Tô Minh Vũ từng là ánh sáng duy nhất trong thời thơ ấu thê thảm của Tiêu Lãng. Tiêu Lãng phẫu thuật thẩm mỹ, quay về trả thù, nhưng tình yêu và sự kiên trì của Tô Minh Vũ đã hết lần này đến lần khác cứu rỗi thế giới tối tăm của anh.",Chính Kịch,Đang cập nhật,Trung Quốc,2025,Phim Bộ,https://img.ophim.live/uploads/movies/con-tim-sat-da-2025-thumb.jpg,con-tim-sat-da-2025
7,Patience,"""Patience"" là một loạt phim truyền hình thuộc thể loại chính kịch và hình sự, ra mắt vào ngày 8 tháng 1 năm 2025. Nhân vật chính, Patience Evans, do Ella Maisy Purvis thủ vai, là một phụ nữ tự kỷ làm việc trong bộ phận lưu trữ hồ sơ cảnh sát. Với niềm đam mê giải đố và tài năng đặc biệt trong lĩnh vực tội phạm học, cô có khả năng kết nối các manh mối theo cách mà người khác không thể. Khả năng độc đáo này giúp cô hỗ trợ đắc lực trong việc điều tra tội phạm.&nbsp;Loạt phim gồm 6 tập trong mùa đầu tiên, với sự tham gia của các diễn viên như Laura Fraser trong vai Thám tử Bea Metcalf và Mark Benton trong vai Calvin Baxter.",Chính Kịch|Hình Sự,Đang cập nhật,Anh,2025,Phim Bộ,https://img.ophim.live/uploads/movies/patience-thumb.jpg,patience
8,NCIS: Origins,"NCIS: Origins là phần tiền truyện của loạt phim truyền hình nổi tiếng NCIS, bộ phim tập trung vào hành trình của Leroy Jethro Gibbs thời trẻ, do Austin Stowell thủ vai, khi anh bắt đầu sự nghiệp tại Dịch vụ Điều tra Hải quân (NIS) vào năm 1991 tại Camp Pendleton.&nbsp;Đặc biệt, Mark Harmon, người đã thủ vai Gibbs trong suốt 19 mùa của NCIS, sẽ xuất hiện trong tập đầu của NCIS: Origins và đảm nhận vai trò người dẫn chuyện, mang lại sự kết nối giữa hai loạt phim.&nbsp;Bên cạnh đó, Kyle Schmid sẽ vào vai Mike Franks, người lãnh đạo nhóm và là nhân vật quen thuộc với người hâm mộ NCIS.Bộ phim hứa hẹn khám phá những câu chuyện chưa kể về Gibbs, mang đến cho khán giả cái nhìn sâu sắc về sự hình thành và phát triển của nhân vật biểu tượng này trong những ngày đầu sự nghiệp.",Chính Kịch|Hình Sự,Đang cập nhật,Âu Mỹ,2024,Phim Bộ,https://img.ophim.live/uploads/movies/ncis-origins-thumb.jpg,ncis-origins
9,Gió Xuân Châm Lửa Tình,"Vào những năm 80, Lục Nhiên, một nữ sinh viên thông minh và cứng đầu bị chú thím độc ác ép gả cho một tên lùn nghèo xấu, có con gái, lại còn là một kẻ bạo lực gia đình với sính lễ đắt đỏ! Với suy nghĩ số phận không phải do ông trời quyết định, Lục Nhiên không hề do dự bỏ trốn, không ngờ trên đường bỏ trốn cô lại vô tình gặp được một người đàn ông dịu dàng, cao lớn, đẹp trai và ngây thơ. Anh ta lại còn là người cô đang trốn kết hôn?&nbsp;",Chính Kịch,Đang cập nhật,Trung Quốc,2025,Phim Bộ,https://img.ophim.live/uploads/movies/gio-xuan-cham-lua-tinh-thumb.jpg,gio-xuan-cham-lua-tinh
10,Phỏng Trang,"Tư Dật Thần, con trai của Tử Thương Vương bị sát hại vào ngày đại hôn nên đã đổi tên thành Mộ Hàn và lên kế hoạch cẩn thận để lấy lòng tin của trưởng công chúa và trả thù cho gia đình mình. Vị hôn thê Hàng An Ninh của Tư Dật Thần nhầm tưởng Tư Dật Thần cũng đã bị giết nên lẻn vào phủ công chúa và đổi mặt với trưởng công chúa để tìm cơ hội trả thù. Hai con người che giấu danh tính dần dần nảy sinh tình cảm với nhau dưới một mái nhà, và sự vướng mắc yêu-ghét là điều khó tránh khỏi...",Chính Kịch,Văn Hồng Nghị,Trung Quốc,2025,Phim Bộ,https://img.ophim.live/uploads/movies/phong-trang-2025-thumb.jpg,phong-trang-2025
11,Đuổi Kịp Anh Sẽ Yêu Em,"Để tham gia giải vô địch đua xe thế giới, Thẩm Nghi thay người anh trai hôn mê gia nhập đội đua Trường Cốc, và quen biết Cố Dịch Thần. Qua quá trình tiếp xúc, Thẩm Nghi và Cố Dịch Thần từ không đánh không quen biết đến dần nảy sinh tình cảm. Cuối cùng, hai người vượt qua muôn vàn khó khăn, ngọt ngào bên nhau, cùng nhau lao về đích.",Chính Kịch,徐飞,Trung Quốc,2025,Phim Bộ,https://img.ophim.live/uploads/movies/duoi-kip-anh-se-yeu-em-thumb.jpg,duoi-kip-anh-se-yeu-em
12,Đưa Anh Vào Cuộc Chơi,"Hứa Tranh là một bà nội trợ toàn thời gian, Lục Diễn chồng cô là bác sĩ chính tại một bệnh viện tư nhân. Sau năm năm kết hôn, hai người có một cô con gái đáng yêu tên Lục Gia Gia. Một năm trước, Hứa Tranh bắt đầu gặp vấn đề về giấc ngủ, tình trạng ngày càng nghiêm trọng, đôi khi còn xuất hiện ảo giác và có xu hướng tự làm hại bản thân hoặc người khác. Tuy nhiên, một vụ tai nạn xe hơi đã thay đổi cuộc hôn nhân vốn dĩ hạnh phúc này. Chiếc xe lao xuống hồ, Lục Diễn may mắn được người qua đường cứu giúp và giữ được mạng sống, nhưng Hứa Tranh lại mất tích.&nbsp;",Chính Kịch,葛鹏翔,Trung Quốc,2025,Phim Bộ,https://img.ophim.live/uploads/movies/dua-anh-vao-cuoc-choi-thumb.jpg,dua-anh-vao-cuoc-choi
13,Bạn Gái Một Sao Của Tôi,"Một lần tình cờ, Dịch Nhiên, người sống nhờ đủ loại công việc bán thời gian, trở thành người đánh giá khách sạn năm sao, đồng thời quen biết Tiêu Mục Thừa trong tình huống trớ trêu. Không ngờ Tiêu Mục Thừa lại là giám đốc khách sạn, cấp trên trực tiếp của Dịch Nhiên. Trong công việc thường ngày ở khách sạn, hai người gặp phải đủ loại khách hàng cũng như những khó khăn trong việc quản lý khách sạn. Dịch Nhiên và Tiêu Mục Thừa cùng nhau hợp tác để giải quyết những khủng hoảng đó. Hai con người thuộc hai thế giới khác nhau, dù liên tục xảy ra mâu thuẫn trong cuộc sống thường ngày, nhưng họ không nhận ra rằng mình lại vô tình xích gần nhau hơn...&nbsp;",Chính Kịch,Đang cập nhật,Trung Quốc,2025,Phim Bộ,https://img.ophim.live/uploads/movies/ban-gai-mot-sao-cua-toi-thumb.jpg,ban-gai-mot-sao-cua-toi
14,Hỏa Vũ Khuynh Thành (Phần 1),"Nữ giáo viên trung học Triệu Tinh Nhu và thiếu soái quyền lực của quân phiệt Dịch Thu Đình yêu nhau. Vì sự khác biệt về gia thế, tình yêu của họ gặp phải nhiều cản trở. Những hành động cưỡng ép và bá đạo của Dịch Thu Đình đã khiến mối quan hệ giữa hai người ngày càng rạn nứt. Khi tưởng rằng đã mất đi đứa con, Triệu Tinh Nhu quyết định giả chết và rời đi. Nhiều năm sau, cô quay trở lại với một con người hoàn toàn mới. Cô dùng hành động chứng minh rằng phụ nữ hoàn toàn có thể sống tỏa sáng với tính cách độc lập.",Chính Kịch,潘嬿茜,Trung Quốc,2025,Phim Bộ,https://img.ophim.live/uploads/movies/hoa-vu-khuynh-thanh-phan-1-thumb.jpg,hoa-vu-khuynh-thanh-phan-1
15,May Vá Âm Dương,"Mã Tam, truyền nhân phái Âm Dương may vá dùng kỹ thuật khâu thần kỳ giúp trạng sư Tống Nguyên khâu đầu để giữ mạng sống, thoát khỏi kiếp nạn. Cả hai cùng nhau điều tra, phá hàng loạt vụ án ly kỳ, trả lại công bằng cho người dân. Sau cùng, họ hợp lực đưa cha con tham quan ra trước công lý.",Chính Kịch,Đang cập nhật,Trung Quốc,2025,Phim Bộ,https://img.ophim.live/uploads/movies/may-va-am-duong-thumb.jpg,may-va-am-duong
16,Tiếng Vọng Kinh Hoàng,Tất cả đều chết. Hết sức tan hoang.,Hài Hước|Kinh Dị,Osgood Perkins,Âu Mỹ,2025,Phim Lẻ,https://img.ophim.live/uploads/movies/tieng-vong-kinh-hoang-thumb.jpg,tieng-vong-kinh-hoang
17,Bạn Trai Nội Trợ Của Tôi,"Nữ tổng tài bá đạo Dịch Ninh buộc phải kết hôn mới được thừa kế cơ ngơi, vì thế cô đã tìm đến chàng đầu bếp đẹp trai đảm đang Thẩm Khiên Trạch để thực hiện hôn nhân hợp đồng. Cuộc sống “vợ kiếm tiền, chồng chăm lo gia đình” khiến Dịch Ninh dần nảy sinh tình cảm. Không ngờ Thẩm Khiên Trạch lại giấu một bí mật động trời. Anh cố ý tiếp cận với mục đích riêng, cô cũng cam tâm chìm đắm trong vô thức.&nbsp;",Chính Kịch,Đang cập nhật,Trung Quốc,2025,Phim Bộ,https://img.ophim.live/uploads/movies/ban-trai-noi-tro-cua-toi-thumb.jpg,ban-trai-noi-tro-cua-toi
18,Viện Nghiên Cứu Khoai Tây,"Cuộc sống của nhà nghiên cứu đầy đam mê nọ thay đổi khi một giám đốc nghiêm khắc đến viện nghiên cứu khoai tây của cô, chứng minh tình yêu có thể nảy mầm ở nơi không ngờ tới nhất.&nbsp;",Chính Kịch,Đang cập nhật,Hàn Quốc,2025,Phim Bộ,https://img.ophim.live/uploads/movies/vien-nghien-cuu-khoai-tay-thumb.jpg,vien-nghien-cuu-khoai-tay
19,Ghép Đôi Trái Tim,"Tình yêu bắt đầu bằng sự phấn khích. Nhưng cần gì để tình yêu trở thành hôn nhân?! Những chàng trai và cô gái trẻ mơ ước về hôn nhân đã tụ họp dưới một mái nhà. Trong suốt một tháng, họ đi du lịch giữa Ý và Seoul, trải qua những cặp đôi định mệnh để tìm được người bạn đời trọn đời của mình. Một trái tim đập rộn ràng, những giá trị hoàn toàn phù hợp, sự ổn định tài chính đáng mơ ước, một quan điểm chung về tình yêu… Cặp đôi nào sẽ là tốt nhất đối với tôi? Những chàng trai và cô gái trẻ này điều hướng giữa sự lãng mạn và thực tế, dành một tháng tràn ngập cả sự phấn khích và những khoảnh khắc sáng suốt. Câu chuyện ly kỳ và thực tế nhất về tình yêu và hôn nhân trong thời đại này!",Tình Cảm,Đang cập nhật,Hàn Quốc,2025,Phim Bộ,https://img.ophim.live/uploads/movies/heart-pairing-thumb.jpg,ghep-doi-trai-tim
20,Điệp Vụ Thanh Xuân,"""Điệp vụ thanh xuân"" là bộ phim hài hành động kể về Jung Hae Sung (Seo Kang Joon), đặc vụ xuất sắc của Cơ quan Tình báo Quốc gia Hàn Quốc (NIS). Sau một sự cố nghiêm trọng, anh bị giáng chức và nhận nhiệm vụ đặc biệt: giả dạng học sinh trung học để điều tra về kho vàng thất lạc của Hoàng đế Gojong.",Chính Kịch|Hành Động,Đang cập nhật,Hàn Quốc,2025,Phim Bộ,https://img.ophim.live/uploads/movies/diep-vien-thanh-xuan-thumb.jpg,diep-vien-thanh-xuan
21,Khi Chim Nhạn Trở Về,"Từ nhỏ, Trang Hàn Nhạn bị bỏ rơi ở nơi miền quê phương Nam. Trải qua muôn vàn khó khăn, cô trở về nhà họ Trang ở kinh thành và và lọt vào mắt xanh của Phó Vân Tịch, Phó Thiếu khanh Đại Lý Tự. Phó Vân Tịch mắc một chứng bệnh kỳ lạ, muốn cưới một thê tử tài đức vẹn toàn để có thể chăm sóc cho mình. Với sự gan dạ và tấm lòng lương thiện, Trang Hàn Nhạn trở thành lựa chọn lý tưởng nhất. Trong quá trình thăm dò và thử thách lẫn nhau, cả hai dần nảy sinh tình cảm. Hàn Nhạn không chỉ hóa giải khúc mắc với mẹ, tìm lại tình thân đã đánh mất mà còn cảm nhận được tình cảm ấm áp của gia đình khi sống chung với người nhà họ Phó. Cô và Phó Vân Tịch liên thủ vạch trần bộ mặt giả nhân giả nghĩa của Trang Sĩ Dương – gia chủ nhà họ Trang, kẻ lộng quyền làm trái pháp luật và trở thành đôi phu thê hạnh phúc.&nbsp;",Chính Kịch,Dương Long,Trung Quốc,2025,Phim Bộ,https://img.ophim.live/uploads/movies/khi-chim-nhan-tro-ve-thumb.jpg,khi-chim-nhan-tro-ve
22,Nữ Thần Lớp E,"Phim kể về 16 chàng trai hung dữ và một cô gái trẻ dữ tợn từ Phân khu E. Cuộc sống của họ trở nên hỗn loạn khi Jay-Jay Mariano, một ca sĩ tài năng và cựu thành viên của Ppop Generation, gia nhập lớp với tư cách là ""mutya"" của Phân khu E - phân khu thấp kém và hỗn loạn nhất tại Trường Quốc tế Higher Value.",Tình Cảm,Đang cập nhật,Philippines,2025,Phim Bộ,https://img.ophim.live/uploads/movies/nu-than-lop-e-thumb.jpg,nu-than-lop-e
23,Khát Khao Rực Lửa,"Năm 1912, một vụ hỏa hoạn khủng khiếp xảy ra tại bữa tiệc lớn ở dinh thự Sila Kram, dẫn đến cái chết của Khun Phra Phakdee và sự mất tích của cháu gái ông, Kaewta. Mười năm sau, Kaewta quay trở lại để làm sáng tỏ bí ẩn đằng sau đêm định mệnh ấy. Liệu ngọn lửa năm xưa đã thật sự tắt hẳn hay Khát Khao Rực Lửa trong trái tim con người sẽ tiếp tục thiêu đốt và tán phá mà không bao giờ có hồi kết?&nbsp;",Chính Kịch|Hình Sự,Thanawat Panyarin,Thái Lan,2025,Phim Bộ,https://img.ophim.live/uploads/movies/khat-khao-ruc-lua-thumb.jpg,khat-khao-ruc-lua
24,Siêu Năng Lập Phương (Phần 1),"In an accident, an ordinary boy, Wang Xiaoxiu, obtains a space system called ""Superpower Cube"" from a high-latitude cosmic civilization and gains extraordinary powers. When the school belle, Shen Yao, Wang Xiaoxiu’s longtime crush, confesses her love to him, the delinquent Sun Jun, who also has a crush on her, is provoked. Wang Xiaoxiu resolves the crisis with his wit and extraordinary powers, but it also brings more disasters as a result. Shen Yao is taken to the world of extraordinary beings by a mysterious person, and Wang Xiaoxiu embarks on a journey to rescue her. Fighting in the bizarre universe, he finds the meaning of fairness and justice on the path to becoming a peerless powerhouse.",Hành Động|Khoa Học|Phiêu Lưu|Viễn Tưởng,Đang cập nhật,Trung Quốc,2025,Phim Hoạt Hình,https://img.ophim.live/uploads/movies/sieu-nang-lap-phuong-phan-1-thumb.jpg,sieu-nang-lap-phuong-phan-1
25,Công Chúa Của Định Mệnh,"Jiang Muchen, người thừa kế của Tập đoàn Jiang, buộc phải kết hôn với Xia Yu, cháu gái của đồng đội của ông nội anh ta. Sau khi nhìn thấy Xia Yu, một cô thôn nữ ở làng chài, Jiang Muchen không thể tin rằng người này thực sự là đối tượng kết hôn do ông nội sắp đặt. Điều khiến anh ta càng không thể chấp nhận được là ông Jiang đã đưa ra một mệnh lệnh chết người rằng anh ta phải đưa Xia Yu đến bữa tiệc tối. Để trả thù cho ông nội, Jiang Muchen quyết định để Xia Yu xuất hiện trong bữa tiệc với tư cách là một cô gái làng chơi. Thật bất ngờ, Xia Yu đã ăn mặc đẹp đến tham dự đêm đó, khiến khán giả kinh ngạc và Jiang Muchen chết lặng. Hóa ra Jiang đã đạt đến mức này từ lâu, và sắp xếp cho Jiang Anchen, con trai thứ hai của nhà họ Jiang, mang theo Xia Yu để thực hiện một cuộc cải tổ lớn. Anh cả Jiang thậm chí còn tuyên bố việc Xia Yu đính hôn với Jiang Muchen ngay tại chỗ...",Tình Cảm,Dương Tiên Minh,Trung Quốc,2023,Phim Bộ,https://img.ophim.live/uploads/movies/cong-chua-cua-dinh-menh-thumb.jpg,cong-chua-cua-dinh-menh
26,Thầy Cãi Joseon,"Thầy Cãi Joseon - Joseon Attorney: A Morality dựa trên webtoon cùng tên, kể câu chuyện về một chàng trai cố gắng trở thành “thầy cãi” - chức quan giống như luật sư thời hiện đại - nhằm trả thù kẻ đã gây ra cái chết cho cha mẹ anh thông qua một buổi xét xử. Ban đầu, anh sẵn sàng lợi dụng tình cảm của những nạn nhân bị đối xử bất công cho tham vọng của mình. Nhưng dần dần từ mong muốn trả thù ban đầu, anh thực sự muốn đấu tranh vì người khác.",Cổ Trang|Hài Hước|Tình Cảm,Kim Seung Ho,Hàn Quốc,2023,Phim Bộ,https://img.ophim.live/uploads/movies/thay-cai-joseon-thumb.jpg,thay-cai-joseon
27,Anna Nicole Smith: Không ai hiểu tôi,"Từ đỉnh cao danh vọng người mẫu cho đến cái chết bi thảm của Anna Nicole Smith, bộ phim tài liệu này hé lộ về cô qua góc nhìn của những người thân cận nhất với cô.",Tài Liệu,Ursula Macfarlane,Âu Mỹ,2023,Phim Lẻ,https://img.ophim.live/uploads/movies/anna-nicole-smith-khong-ai-hieu-toi-thumb.jpg,anna-nicole-smith-khong-ai-hieu-toi
28,Trại Chủ Nại Hà Không Dễ Làm,"Việc rò rỉ danh sách bí mật của các đặc vụ bí mật của Ấn Diệu bị đánh cắp bởi cnội gián đã gây ra sự hoang mang trong tổ chức. Người đứng đầu Ấn Diệu - Thẩm Dịch Phụng nhận lệnh đi tìm gián điệp. Ngoài ra, để bảo vệ các mật vụ còn hoạt động bên ngoài, danh sách bị đánh cắp phải được thu hồi. Trương Tiểu Hoa được giao nhiệm vụ điều tra xem ai là gián điệp và phát hiện ra rằng trại Nại Hà có tin tức của danh sách nên đã giả vờ để nhị trại chủ bắt. Muốn quyến rũ trại chủ để lấy lại danh sách nhưng không ngờ suýt mất mạng. Trong lúc cấp bách nhị trại chủ ra tay giúp đỡ, ngỏ lời muốn lấy làm vợ, trại chủ nể tình chỉ có thể miễn cưỡng đồng ý, nhưng bí mật lên kế hoạch loại bỏ quyền lực của Lạc Hà. Tiểu Hoa thấy được trong trại luôn có nội chiến, nên lợi dụng mỹ nhân kế để chia rẽ quan hệ của Lạc Hà và trại chủ, nhân cơ hội tìm kiếm danh sách. Nhưng Lạc Hà sớm nhìn rõ mưu kế của cô, và thân phận của Lạc Hà cũng không hề đơn giản...",Cổ Trang|Tâm Lý,Lan Chao,Trung Quốc,2023,Phim Bộ,https://img.ophim.live/uploads/movies/trai-chu-nai-ha-khong-de-lam-thumb.jpg,trai-chu-nai-ha-khong-de-lam
29,Đấu Phá Thương Khung Hẹn Ước Ba Năm,"Ba năm trước, Naran Yanran, thiếu gia của phái Yun Lan, vội vàng hủy bỏ hôn ước. Xiao Yan xấu hổ sau đó đã có một cuộc hẹn ba năm với Naran Yanran. Vì lần giao dịch này, Tiêu Viêm đã tu luyện không ngừng, từ ma thú sơn mạch đến sa mạc kinh nghiệm, từ luyện đan đến các loại hỏa diễm thiêu thân thống khổ, tất cả đều là để chứng minh cho câu nói của hắn: “Sông đông ba mươi năm, ba mươi năm đến phía tây sông, đừng coi thường những người trẻ tuổi đã mất tất cả."" Bây giờ, những người trong gia đình Xiao nhất định sẽ đối mặt với thử thách và không bao giờ lùi bước. Con đường phát triển của Xiao Yan vẫn tiếp tục.……",Cổ Trang|Hành Động|Phiêu Lưu|Võ Thuật,Đang cập nhật,Trung Quốc,2023,Phim Hoạt Hình,https://img.ophim.live/uploads/movies/dau-pha-thuong-khung-hen-uoc-ba-nam-thumb.jpg,dau-pha-thuong-khung-hen-uoc-ba-nam
30,Vòng xoáy,"Sau khi kết nối lại với người vợ đã khuất thông qua một lỗi trong thực tế ảo, viên sĩ quan cảnh sát nọ cố gắng phủ nhận vụ tai nạn bí ẩn đã cướp đi sinh mạng của cô.",Chính Kịch|Khoa Học|Viễn Tưởng,Đang cập nhật,Pháp,2023,Phim Bộ,https://img.ophim.live/uploads/movies/vong-xoay-thumb.jpg,vong-xoay
31,Tin độc,"Vụ sát hại một nhà báo gây chấn động đẩy một phóng viên hình sự hàng đầu vào mạng lưới cảnh sát, giới truyền thông và thế giới ngầm Mumbai khi cô chiến đấu vì công lý.",Chính Kịch,Hansal Mehta,Ấn Độ,2023,Phim Bộ,https://img.ophim.live/uploads/movies/tin-doc-thumb.jpg,tin-doc
32,Thiếu gia giả nghèo 2,"Khi Paula rời Rio de Janeiro để tiếp tục công việc bác sĩ tình nguyện ở Amazon, Teto nảy ra kế hoạch bốc đồng để đi theo cô. Và rồi hỗn loạn xảy ra!",Chính Kịch|Hài Hước,Bruno Garotti,Brazil,2023,Phim Lẻ,https://img.ophim.live/uploads/movies/thieu-gia-gia-ngheo-2-thumb.jpg,thieu-gia-gia-ngheo-2
33,Thám tử động vật (Phần 3),"Sam và Kit trở lại để thu thập manh mối và phá giải thêm nhiều bí ẩn về động vật ở khắp nơi trên thế giới qua loạt vụ án mới, những chuyến đi mới và các bạn sinh vật mới!",Phiêu Lưu,Đang cập nhật,Âu Mỹ,2023,Phim Hoạt Hình,https://img.ophim.live/uploads/movies/tham-tu-dong-vat-phan-3-thumb.jpg,tham-tu-dong-vat-phan-3
34,Rung động khó quên,"Sau cuộc gặp khó quên, cô nàng lãng mạn hết thuốc chữa nọ dùng một ứng dụng để tìm kiếm người đàn ông mà cô vừa gặp. Nhưng liệu anh có thực sự là đối tượng cô đang tìm kiếm?",Chính Kịch|Hài Hước,Jelise Chung,Philippines,2023,Phim Lẻ,https://img.ophim.live/uploads/movies/rung-dong-kho-quen-thumb.jpg,rung-dong-kho-quen
35,Một cuộc đời đẹp,"Được một nhà sản xuất âm nhạc phát hiện ra tài năng tiềm ẩn, chàng ngư dân trẻ nọ phải quyết định xem anh đã sẵn sàng để trở thành ngôi sao và yêu đương hay chưa.",Âm Nhạc|Chính Kịch,Mehdi Avaz,Đan Mạch,2023,Phim Lẻ,https://img.ophim.live/uploads/movies/mot-cuoc-doi-dep-thumb.jpg,mot-cuoc-doi-dep
36,Bản phối của Erry,"Buôn lậu băng tự làm vào Napoli những năm 1980, một DJ đầy tham vọng và hai anh trai trở thành những nhà sản xuất âm nhạc quyền lực đến kinh ngạc nhưng bị truy nã theo pháp luật.",Chính Kịch,Sydney Sibilia,Ý,2023,Phim Lẻ,https://img.ophim.live/uploads/movies/ban-phoi-cua-erry-thumb.jpg,ban-phoi-cua-erry
37,Huyễn Mộng Tình Duyên,"Nữ diễn viên quần chúng nợ nần chồng chất Cố Trăn Trăn và nhân tài mới nổi trong lĩnh vực công nghệ Lục Vân Sâm vừa kết thúc hợp đồng hôn nhân, chuẩn bị chào đón một cuộc sống mới. Nhưng Lục Vân Sâm bất ngờ bị mất trí nhớ, chỉ nhớ Trăn Trăn là ""vợ"" của mình! Không còn cách nào, Cố Trăn Trăn đành phải tiếp tục cuộc hôn nhân hợp đồng để giúp Lục Vân Sâm lấy lại ký ức, nhưng dần dần cô lại khám phá ra sự thật đằng sau cuộc hôn nhân hợp đồng này và tìm thấy tình yêu đích thực.",Tình Cảm,Đang cập nhật,Trung Quốc,2023,Phim Bộ,https://img.ophim.live/uploads/movies/huyen-mong-tinh-duyen-thumb.jpg,huyen-mong-tinh-duyen
38,Thiếu Niên Giang Hồ,"Nữ chính Tiểu Như là một tên võ công tầm thường, lập dị, nghèo khó, dễ thương và nhát gan, bề ngoài thì lừa lọc và tham tiền, trong lòng thì sẵn sàng giúp đỡ người khác. cô ngốc bị bắt nạt cô Murong Zhuwan. Xiaoru, người không biết gì về tình yêu, buộc phải tham gia vào các cuộc tranh chấp sau khi gặp người đàn ông mình thích, Murong Chong, và cũng gặp Fu Hong, người nghĩ rằng mình đã bị phản bội và căm ghét vì tình yêu. Murong Chong, Zhu Wan và Fu Hong phải vật lộn để sống sót trước nhiều âm mưu khác nhau trên đấu trường, và xung đột giữa họ ngày càng trở nên gay gắt hơn. Trong khi tận hưởng vinh quang và quyền lợi, ba người họ cũng gánh vác áp lực và trách nhiệm, họ lớn lên trong nghịch cảnh xa lạ, trở nên dũng cảm và mạnh mẽ vì tình yêu, và làm việc chăm chỉ vì tình yêu. .",Cổ Trang|Phiêu Lưu|Tâm Lý|Võ Thuật,Wing-Lun Mak,Trung Quốc,2023,Phim Bộ,https://img.ophim.live/uploads/movies/thieu-nien-giang-ho-thumb.jpg,thieu-nien-giang-ho
39,Đừng Lừa Dối Tôi,"Sau cái chết bất ngờ của cha mẹ, hai chị em phải tự lo cho bản thân. Những tin đồn lan truyền trong khu phố rằng họ đã nhận được một số tiền bồi thường lớn, nhưng cả hai không bao giờ trả lời. Khi họ lớn lên, họ từng kết hôn. Không ngờ, chị chồng đòi bồi thường thì em chồng lại bạo hành, vô tâm. Sau khi nhìn rõ bộ mặt thật của chồng, hai chị em đã chung sức chống trả và bước tiếp một cuộc sống mới tốt đẹp hơn.",Tâm Lý|Tình Cảm,Đang cập nhật,Trung Quốc,2023,Phim Bộ,https://img.ophim.live/uploads/movies/dung-lua-doi-toi-thumb.jpg,dung-lua-doi-toi
40,Vì Những Gì Ta Đã Yêu,"Vì Những Gì Ta Đã Yêu - All That We Loved là một bộ phim học đường xoay quanh câu chuyện về tình bạn và tình yêu chân thành của những thanh niên đang trong độ tuổi mười tám, miêu tả mối tình tay ba giữa hai người bạn thân là Go Yoo và Go Joon Hee, hai người đồng thời phải lòng cô bạn Han So Yeon xinh đẹp mới chuyển trường đến. Sau này, khi Joon Hee bị bệnh, Go Yoo đã hiến một bên thận của mình cho cậu bạn thân Go Joon Hee.",Tình Cảm,Kim Jin Sung,Hàn Quốc,2023,Phim Bộ,https://img.ophim.live/uploads/movies/vi-nhung-gi-ta-da-yeu-thumb.jpg,vi-nhung-gi-ta-da-yeu
41,Tin & Tina,"Sau lần sảy thai đau thương, một cặp đôi trẻ nhận nuôi cặp song sinh kỳ quặc ở một tu viện. Nhưng việc chúng ám ảnh với tôn giáo nhanh chóng khiến gia đình họ xáo trộn.",Kinh Dị,Rubin Stein,Tây Ban Nha,2023,Phim Lẻ,https://img.ophim.live/uploads/movies/tin-andamp-tina-thumb.jpg,tin-andamp-tina
42,Máu và vàng,"Trong giai đoạn cuối đầy tàn khốc của Thế chiến II, một viên lính đào ngũ người Đức và một phụ nữ trẻ bị kéo vào trận chiến đẫm máu với nhóm Đức Quốc xã đang săn lùng vàng bị giấu.",Chính Kịch|Hành Động|Phiêu Lưu,Peter Thorwarth,Đức,2023,Phim Lẻ,https://img.ophim.live/uploads/movies/mau-va-vang-thumb.jpg,mau-va-vang
43,Sóng triều đổi vận,"Khi con tàu chở đầy cocain chìm ngoài khơi hòn đảo quê nhà của anh, Eduardo nhìn thấy cơ hội mạo hiểm nhưng lý thú để kiếm tiền và hoàn thành những ước mơ không tưởng.",Chính Kịch,Đang cập nhật,Bồ Đào Nha,2023,Phim Bộ,https://img.ophim.live/uploads/movies/song-trieu-doi-van-thumb.jpg,song-trieu-doi-van
44,Người Chơi Cờ,"""PLAYING GO"" lấy bối cảnh thành phố phía Nam vào đầu thế kỷ, xoay quanh câu chuyện về Thôi Nghiệp - một giáo viên dạy cờ vây bình thường. Một tai nạn bất ngờ đã cuốn anh vào vòng xoáy tội phạm, từng bước sa vào con đường tội lỗi. Người anh trai - trung úy cảnh sát Thôi Vĩ không ngừng truy đuổi em mình, tạo nên câu chuyện kịch tính về hai con đường trắng đen đối lập giữa hai anh em.&nbsp;",Bí Ẩn|Hình Sự,Phòng Viễn,Trung Quốc,2025,Phim Bộ,https://img.ophim.live/uploads/movies/nguoi-choi-co-thumb.jpg,nguoi-choi-co
45,Chuyện Tình Của Anh Chị Em Tôi (Bản Trung 2025),"Mô hình phổ biến của Hàn Quốc đã được giới thiệu và tác giả gốc đã tham gia vào quá trình sản xuất. Năm cặp anh chị em bản xứ ở trong cabin và mỗi người tìm kiếm nửa kia dưới sự nhìn chằm chằm và tham gia của anh chị em mình. Phá vỡ mô hình tình yêu toàn diện truyền thống và tình yêu song song và tình yêu gia đình. Việc che giấu danh tính của anh chị em ngay từ đầu và nhìn vào ảnh hưởng của gia đình bản xứ đối với tình cảm không còn là hành trình tìm kiếm tình yêu đơn thuần nữa mà là một bí ẩn của ""thần tình yêu thật và giả"" với tiếng cười không ngớt. Đây cũng là một hành trình mới ấm áp và ấm áp đan xen với anh chị em.",Tình Cảm,Đang cập nhật,Trung Quốc,2025,Phim Bộ,https://img.ophim.live/uploads/movies/chuyen-tinh-cua-anh-chi-em-toi-ban-trung-2025-thumb.jpg,chuyen-tinh-cua-anh-chi-em-toi-ban-trung-2025
46,Tracker (Phần 2),"Trong Tracker mùa 2, Colter Shaw, một người sinh tồn đơn độc, tiếp tục cuộc hành trình của mình trên chiếc RV cũ kỹ dọc đất nước, sử dụng kỹ năng của mình hỗ trợ cảnh sát tìm người bị mất tích và nhận tiền thưởng.Cùng với sự hỗ trợ của nữ luật sư Reenie Green, người điều hành Velma Bruin và chuyên gia công nghệ Bobby Exley, Colter sẽ không ngần ngại bất cứ điều gì để hoàn thành công việc.",Chính Kịch|Hình Sự,Đang cập nhật,Âu Mỹ,2024,Phim Bộ,https://img.ophim.live/uploads/movies/tracker-phan-2-thumb.jpg,tracker-phan-2
47,Arnold,"Loạt phim tài liệu chân thật này xoay quanh cuộc đời và sự nghiệp đa diện của Arnold Schwarzenegger, từ nhà vô địch thể hình, biểu tượng Hollywood cho đến chính trị gia.",Tài Liệu,Lesley Chilcott,Âu Mỹ,2023,Phim Bộ,https://img.ophim.live/uploads/movies/arnold-thumb.jpg,arnold
48,Star Wars: Biệt Đội Nhân Bản Đặc Biệt (Phần 2),"The Bad Batch là một đội đặc biệt được biến đổi gene để có khả năng đặc biệt hơn người bình thường. Đội này chuyên có những nhiệm vụ đặc biệt mà thậm chí Jedi mới có thể làm, thường những nhiệm vụ này trên trình Clone bình thường. Trong phần 7 vừa rồi, The Bad Batch đã xuất hiện để hỗ trợ Anakin và Rex cứu lấy Echo. Tuy nhiên vì khác biệt với phần còn lại nên Echo đã đi cùng The Bad Batch để khác biệt cùng họ.",Hành Động|Phiêu Lưu,Đang cập nhật,Âu Mỹ,2023,Phim Hoạt Hình,https://img.ophim.live/uploads/movies/star-wars-biet-doi-nhan-ban-dac-biet-phan-2-thumb.jpg,star-wars-biet-doi-nhan-ban-dac-biet-phan-2
49,Yêu Em Không Nói Cũng Hiểu,"Mạc Ninh Khê bị ép đưa ra nước ngoài sau khi chịu nhiều phản bội từ người thân. Sáu năm trôi qua, cô cùng đứa con dễ thương của mình trở về với tư cách là một nhà thiết kế thời trang nổi tiếng, chỉ để tìm ra nguyên nhân cái chết của mẹ và lấy lại mọi thứ thuộc về mình. Oan gia ngõ hẹp thế nào, cô lại gặp ngay Lệ Tỷ Thừa. Cô em gái trà xanh và mẹ kế độc ác hãm hại cô hết lần này đến lần khác, nhưng ngờ đâu lại được anh cứu, từ đó trở thành người anh cưng chiều nhất trên đời, bị ép cưới nhưng cô lại không muốn làm mẹ kế. Nhờ sự giúp đỡ của Long Phượng Tam Bảo Thần, Mạc Ninh Khê và Lệ Tỷ Thừa cuối cùng cũng ở bên nhau sau sáu năm, âm mưu sáu năm trước và sự thật về cái chết của mẹ họ đã được phơi bày…",Gia Đình|Tâm Lý,Đang cập nhật,Trung Quốc,2023,Phim Bộ,https://img.ophim.live/uploads/movies/yeu-em-khong-noi-cung-hieu-thumb.jpg,yeu-em-khong-noi-cung-hieu
50,Hậu Lãng - Gen Z,"Hậu Lãng - Gen Z xoay quanh Tôn Đầu Đầu, một cô nàng hơn 20 tuổi, không cha không mẹ. Trong một lần gặp phiền phức do từng lên tiếng khi thấy chuyện không công bằng, cô được giáo sư đại học Trung Y là Nhậm Tân Chính giúp đỡ. Sau này, ông biết được thân thế của Đầu Đầu, quyết định dẫn cô tham gia vào lớp Trung Y, giúp cô bắt đầu lại cuộc đời. Từ đây, dưới sự dẫn dắt của Nhậm Tân Chính, Tôn Đầu Đầu bắt đầu con đường học tập, kế thừa truyền thống gia đình. Ai ngờ khi vào lớp, cô và con trai của thầy giáo - Nhậm Thiên Chân đối đầu lẫn nhau, gây ra biết bao chuyện.  Cả hai không ngừng va chạm, không ngừng trưởng thành, dần dần hiểu và gỡ bỏ hiểu lầm, từ từ tìm hiểu đối phương.",Tình Cảm,Hàn Hiểu Quân,Trung Quốc,2023,Phim Bộ,https://img.ophim.live/uploads/movies/hau-lang-thumb.jpg,hau-lang
51,Kubo Không Để Tôi Vô Hình,"Học sinh trung học Junta Shiraishi có một mục tiêu đơn giản là sống một tuổi trẻ viên mãn. Trên thực tế, sự vắng mặt của Shiraishi nghiêm trọng đến mức mọi người nghĩ rằng chỗ ngồi của anh ấy trong lớp luôn trống và lầm tưởng rằng anh ấy thường trốn học. Thậm chí còn có một tin đồn kỳ lạ, cho rằng những ai nhìn thấy Shiraishi sẽ được ban phước lành. Người duy nhất nhận ra sự tồn tại của anh ấy là Nagisa Kubo, cô gái ngồi cạnh anh ấy. Tuy nhiên, thật không may cho anh ấy, Kubo thích trêu chọc anh ấy hàng ngày. Khi những trò hề khôi hài của Kubo tiếp tục liên quan đến Shiraishi, anh ấy có thể sớm phát hiện ra rằng tuổi trẻ của mình có thể không nhàm chán như anh ấy nghĩ ban đầu?",Học Đường|Tình Cảm,Đang cập nhật,Nhật Bản,2023,Phim Hoạt Hình,https://img.ophim.live/uploads/movies/kubo-khong-de-toi-vo-hinh-thumb.jpg,kubo-khong-de-toi-vo-hinh
52,Hãy chăm sóc Maya,"Trong bộ phim tài liệu này, một cặp đôi đau khổ ở Florida đấu tranh với chính quyền để giành quyền giám hộ cô con gái ốm yếu sau khi họ bị cáo buộc bạo hành trẻ em.",Tài Liệu,Henry Roosevelt,Âu Mỹ,2023,Phim Lẻ,https://img.ophim.live/uploads/movies/hay-cham-soc-maya-thumb.jpg,hay-cham-soc-maya
53,85 South: Giai thoại đường phố,"DC Young Fly, Karlous Miller và Chico Bean mang podcast nổi tiếng lên sân khấu của sự kiện hài có một không hai, nơi không có gì vượt quá giới hạn và không ai ngần ngại điều chi.",Hài Hước,Stan Lathan,Âu Mỹ,2023,Phim Lẻ,https://img.ophim.live/uploads/movies/85-south-giai-thoai-duong-pho-thumb.jpg,85-south-giai-thoai-duong-pho
54,Chú kỳ lân nơi biển cả,"Từ xưa đến nay, bé Kelp hiếu kỳ luôn nghĩ mình là kỳ lân biển nhưng một ngày cậu phát hiện ra mình thực ra là kỳ lân. Giờ thì cậu có hai thế giới để khám phá!",Âm Nhạc|Phiêu Lưu,Đang cập nhật,Âu Mỹ,2023,Phim Hoạt Hình,https://img.ophim.live/uploads/movies/chu-ky-lan-noi-bien-ca-thumb.jpg,chu-ky-lan-noi-bien-ca
55,Đến thế giới mới với smartphone! 2,In Another World with My Smartphone,Hài Hước,Đang cập nhật,Nhật Bản,2023,Phim Hoạt Hình,https://img.ophim.live/uploads/movies/den-the-gioi-moi-voi-smartphone-2-thumb.jpg,den-the-gioi-moi-voi-smartphone-2
56,Nữ Hoàng Mặt Nạ,"Cuộc chiến vạch mặt lẫn nhau tàn khốc xuất phát từ ghen tuông, dục vọng và lòng thù hận của 4 người bạn thân.",Tâm Lý|Tình Cảm,Kang Ho Joong,Hàn Quốc,2023,Phim Bộ,https://img.ophim.live/uploads/movies/nu-hoang-mat-na-thumb.jpg,nu-hoang-mat-na
57,Xin Hãy Trở Thành Người Nhà Của Tôi,"Nó kể câu chuyện về những người đàn ông và phụ nữ sinh vào những năm 90, từ cuộc sống độc thân với con cái đến khi về chung một mái nhà. Để có chi phí phẫu thuật khối u não của con gái mình là Xuanxuan, Qi Sile cần giành được đơn đặt hàng trong dự án lập kế hoạch của Maolin, và quấy rầy Song Haoyu, ông chủ của Maolin. Và khi Song Haoyu đưa con trai Chenchen của mình đi chọn quà sinh nhật, anh ấy đã phát hiện ra Qi Sile có chiếc trâm cài giống Chenchen. Song Haoyu dần xác nhận mối quan hệ giữa Xuanxuan và Chenchen thông qua manh mối của chiếc trâm cài. Để hai đứa trẻ có một gia đình hạnh phúc, Song Haoyu đã cầu hôn Qi Sile, và cả hai bước vào một cuộc hôn nhân với một tương lai không chắc chắn.",Gia Đình|Tình Cảm,Tống Địch,Trung Quốc,2023,Phim Bộ,https://img.ophim.live/uploads/movies/xin-hay-tro-thanh-nguoi-nha-cua-toi-thumb.jpg,xin-hay-tro-thanh-nguoi-nha-cua-toi
58,Thanh gươm diệt quỷ (Phần 4) - Phần Làng rèn kiếm,"Trong khi ở làng Thợ Rèn để sửa chữa thanh kiếm bị hư hại, Tanjiro nhập hội cùng Luyến Trụ và Hà Trụ trong cuộc chiến với mối đe dọa ác quỷ mới.",Hành Động,Đang cập nhật,Nhật Bản,2023,Phim Hoạt Hình,https://img.ophim.live/uploads/movies/thanh-guom-diet-quy-phan-4-phan-lang-ren-kiem-thumb.jpg,thanh-guom-diet-quy-phan-4-phan-lang-ren-kiem
59,Biên Niên Sử Quý Tộc Tái Sinh Ở Thế Giới Khác,"Kazuya Shiina, người đã bị giết vì bảo vệ sự an toàn của các cô gái, được tái sinh trong thế giới của kiếm và ma thuật mà anh ấy đã thấy trong giấc mơ của mình với tư cách là con trai thứ ba của một nhà quý tộc—Kain von Silverdot. Theo thói quen của thế giới này, Cain đã được rửa tội khi mới 5 tuổi và nhận được sự ban phước của các vị thần... Tuy nhiên, vì nhận được quá nhiều sự ban phước từ các vị thần, anh ấy đã vượt qua người thường và trở thành &quot;Tông đồ của Chúa&quot;  ? !",Hài Hước,Đang cập nhật,Nhật Bản,2023,Phim Hoạt Hình,https://img.ophim.live/uploads/movies/bien-nien-su-quy-toc-tai-sinh-o-the-gioi-khac-thumb.jpg,bien-nien-su-quy-toc-tai-sinh-o-the-gioi-khac
60,Không Chỉ Là Mối Quan Hệ Thuê Chung Nhà,Không Chỉ Là Mối Quan Hệ Thuê Chung Nhà - vnsub.vip,Khoa Học|Viễn Tưởng,Đang cập nhật,Trung Quốc,2023,Phim Bộ,https://img.ophim.live/uploads/movies/khong-chi-la-moi-quan-he-thue-chung-nha-thumb.jpg,khong-chi-la-moi-quan-he-thue-chung-nha
61,Black Clover: Thanh kiếm của Ma pháp Vương,"Khi một cậu bé không biết dùng ma thuật song có trái tim quả cảm cố giành danh hiệu Ma pháp Vương, bốn Ma pháp Vương bị trục xuất thời xưa quay lại để nghiền nát Vương quốc Clover.",Hành Động|Phiêu Lưu,Tanemura Ayataka,Nhật Bản,2023,Phim Hoạt Hình,https://img.ophim.live/uploads/movies/black-clover-thanh-kiem-cua-ma-phap-vuong-thumb.jpg,black-clover-thanh-kiem-cua-ma-phap-vuong
62,Xếp Hạng Của Các Vị Vua: Chiếc Rương Của Lòng Dũng Cảm,"Kể về &quot;Câu chuyện dũng cảm&quot; chưa kể của Boki, Kage và những người bạn xung quanh họ",Phiêu Lưu,Đang cập nhật,Nhật Bản,2023,Phim Hoạt Hình,https://img.ophim.live/uploads/movies/ranking-of-kings-the-treasure-chest-of-courage-thumb.jpg,ranking-of-kings-the-treasure-chest-of-courage
63,Cưới Trước Yêu Sau 2,"Một người là nữ chủ tịch đầy mưu mô, độc đoán, còn người kia là một chàng trai trẻ dịu dàng, trầm ổn. Vì sự cố ngẫu nhiên đi xem mắt mà lại thành đôi, cả hai nắm tay nhau cùng đồng hành, bắt đầu cuộc sống hôn nhân dở khóc dở cười.",Hài Hước|Tình Cảm,Đang cập nhật,Trung Quốc,2023,Phim Bộ,https://img.ophim.live/uploads/movies/cuoi-truoc-yeu-sau-2-thumb.jpg,cuoi-truoc-yeu-sau-2
64,Hà Thú,"Vào những năm đầu Trung Hoa Dân Quốc, cái chết kỳ quái của hàng chục công nhân thoát nước khiến người dân hoang mang, những xác chết không mảnh vải che thân nổi trên sông khiến thầy cúng khẳng định có ma nước và trấn đã gặp nguy hiểm lớn. Cảnh sát Cố Trí Viễn dựa vào những công việc nhỏ ở bến tàu để duy trì kế sinh nhai của anh và nuôi con gái.Vào ngày này, con quái vật hung ác trên sông đã lao vào bờ phá hủy nhà cửa và tính mạng của dân chúng, thậm chí còn bắt cóc con gái Cố Trí Viễn. Để cứu con gái mình, Trí Viễn đã bắt tay với Đường Tiểu Duy dể bắt đầu hành trình chuộc lỗi và tiêu diệt quái thú.",Bí Ẩn|Tâm Lý,Đang cập nhật,Trung Quốc,2023,Phim Lẻ,https://img.ophim.live/uploads/movies/ha-thu-thumb.jpg,ha-thu
65,Trái Tim Rung Động,"Bộ phim kể về Cố Dịch một alpha male ngang ngạnh, đào hoa bạc tình, không thiết chuyện yêu đương, và Kiều Tình, một cô nàng thảo mai trông có vẻ yếu đuối nhưng thực sự kiên định, hữu dũng hữu mưu.Cả hai đi từ tương ái tương sát đến say đắm trong bể tình, một câu chuyện tình yêu đầy cú ngoặt.",Tình Cảm,Jiang Tian Hang,Trung Quốc,2023,Phim Bộ,https://img.ophim.live/uploads/movies/trai-tim-rung-dong-thumb.jpg,trai-tim-rung-dong
66,Chim Sẻ Trong Lòng Bàn Tay,"Hách Liên Tranh yêu em gái kế Hà An Nhiên sâu sắc, nhưng lại tận mắt chứng kiến cha cô giam cầm mẹ mình đến chết. Năm năm sau, Hách Liên Tranh trở về với thân phận đốc quân, anh bắt giữ cha dượng và ép cưới em gái kế để báo thù cho mẹ. Mạch Vũ Đường từ nhỏ sống nương tựa vào Hách Liên Tranh, nhưng lại vì anh mà bị què một chân. Sau nhiều năm gặp lại, đằng sau lớp hóa trang đẹp đẽ của Mạch Vũ Đường lại ẩn chứa sự hận thù thấu xương...&nbsp;",Chính Kịch,张铭座,Trung Quốc,2025,Phim Bộ,https://img.ophim.live/uploads/movies/chim-se-trong-long-ban-tay-thumb.jpg,chim-se-trong-long-ban-tay
